AgentId,AgentName,Role,TotalLeads,ConvertedLeads,ConversionRate,TotalRevenue,AvgDealSize,TotalCalls,SuccessfulCalls,CallSuccessRate,AvgCallDuration,CompletedTasks,TaskCompletionRate,PerformanceScore,EfficiencyScore,SatisfactionScore,WorkloadBalance,StressLevel,RecommendedAction
1,Jasmin Ahmed,AI Agent,13,2,0.15384615384615385,658837.145986442,142881.225438687,13,3,0.23076923076923078,13.172222222222222,1,0.0625,14.951923076923077,0.9498930017544529,8.718381314513548,0.6970372727382966,High,Increase Targets
2,Mohammed Ali,Senior Closer,11,2,0.18181818181818182,538885.4921916726,144911.0237959154,10,4,0.4,10.516666666666667,2,0.25,26.772727272727277,0.7991580149440587,8.358996438444548,0.7286460035309609,Medium,Workload Review
3,Sarah Johnson,Lead Nurture Specialist,5,0,0.0,93871.54792030515,122077.38685606273,23,7,0.30434782608695654,14.402380952380952,2,0.15384615384615385,13.745819397993312,0.8165626152114013,8.97308200999267,0.7233689137147713,Medium,Workload Review
4,Ahmed Hassan,Senior Sales Agent,11,2,0.18181818181818182,41793.362048898554,56271.74665608544,29,14,0.4827586206896552,13.98452380952381,4,0.3076923076923077,30.98625512418616,0.8165010167259876,9.204224932730032,0.8889654292747092,Medium,Increase Targets
5,Fatima Al-Zahra,Junior Sales Agent,10,1,0.1,535208.756013399,132512.46726571082,25,6,0.24,19.67222222222222,3,0.3,20.200000000000003,0.7926762303578145,8.620895255867937,0.8250098909857417,Low,Increase Targets
